time,likes,link
1495412095,81,https://instagram.fbed1-1.fna.fbcdn.net/t51.2885-15/s640x640/sh0.08/e35/c0.112.899.899/18645152_249653018844343_3980437580964429824_n.jpg
1494778668,58,https://instagram.fbed1-1.fna.fbcdn.net/t51.2885-15/s640x640/sh0.08/e35/c0.135.1080.1080/18513677_794876720671765_8197428719208366080_n.jpg
1476902184,101,https://instagram.fbed1-1.fna.fbcdn.net/t51.2885-15/s480x480/e35/c257.0.565.565/14717628_584459615083920_4008731506955517952_n.jpg
1473895063,74,https://instagram.fbed1-1.fna.fbcdn.net/t51.2885-15/s640x640/sh0.08/e35/c203.0.673.673/14350358_1509246379101429_1440737851_n.jpg
1467587054,60,https://instagram.fbed1-1.fna.fbcdn.net/t51.2885-15/s640x640/sh0.08/e35/c135.0.810.810/13556858_1760427300908253_733514837_n.jpg
1467248117,51,https://instagram.fbed1-1.fna.fbcdn.net/t51.2885-15/s640x640/sh0.08/e35/c135.0.810.810/13525535_499683546891775_1112750577_n.jpg
1467162421,51,https://instagram.fbed1-1.fna.fbcdn.net/t51.2885-15/s480x480/e35/c236.0.608.608/13551797_1103348166404502_2065727822_n.jpg
1457720281,55,https://instagram.fbed1-1.fna.fbcdn.net/t51.2885-15/s640x640/sh0.08/e35/c135.0.809.809/12446076_1990270901197477_1653776314_n.jpg
1456854312,40,https://instagram.fbed1-1.fna.fbcdn.net/t51.2885-15/s640x640/sh0.08/e35/c180.0.719.719/12797797_757432477727200_948784359_n.jpg
1453336517,51,https://instagram.fbed1-1.fna.fbcdn.net/t51.2885-15/s640x640/sh0.08/e35/12545482_1394312280868407_1208472984_n.jpg
1446248041,72,https://instagram.fbed1-1.fna.fbcdn.net/t51.2885-15/s640x640/sh0.08/e35/c135.0.810.810/12081203_427460217448259_1201805856_n.jpg
1445806508,30,https://instagram.fbed1-1.fna.fbcdn.net/t51.2885-15/s480x480/e35/c247.0.586.586/12071014_1704216809813199_225836904_n.jpg
1445203667,37,https://instagram.fbed1-1.fna.fbcdn.net/t51.2885-15/s480x480/e35/c257.0.566.566/12093469_1486235755038331_218453421_n.jpg
1443643023,28,https://instagram.fbed1-1.fna.fbcdn.net/t51.2885-15/s640x640/sh0.08/e35/c135.0.810.810/11925751_463997227112948_518387089_n.jpg
1443048571,29,https://instagram.fbed1-1.fna.fbcdn.net/t51.2885-15/s320x320/e35/11375340_1525121324446668_1482579341_n.jpg
1442876048,33,https://instagram.fbed1-1.fna.fbcdn.net/t51.2885-15/s640x640/sh0.08/e35/c135.0.810.810/11262823_1497985733828081_1138836911_n.jpg
1442697348,26,https://instagram.fbed1-1.fna.fbcdn.net/t51.2885-15/s640x640/sh0.08/e35/11848992_1617507488515556_635546516_n.jpg
1442355377,27,https://instagram.fbed1-1.fna.fbcdn.net/t51.2885-15/s640x640/sh0.08/e35/11939526_1686016991629773_1640749239_n.jpg
1442169902,34,https://instagram.fbed1-1.fna.fbcdn.net/t51.2885-15/s640x640/sh0.08/e35/11906160_1669277436642731_1669690560_n.jpg
1442015535,35,https://instagram.fbed1-1.fna.fbcdn.net/t51.2885-15/s640x640/sh0.08/e35/11875432_466177486886818_1789894927_n.jpg
